signal_id,signal_time_utc,session_tag,entry_candle_idx,horizon_candle_idx,horizon_end_utc,current_price,predicted_trend,true_trend,tp,sl,trend_success,tp_before_sl,level_success,level_forced,outcome,time_to_outcome_hours,volatility_score,is_high_volatility,error_injected,confidence_bull,confidence_flat,confidence_bear
1,2025-10-01T00:00:00+00:00,asia_open,48,72,2025-10-02T00:00:00+00:00,118594.99,bull,flat,129331,113227.29,0,0,0,0,no_hit,24,0.3856,0,0,70,0,30
2,2025-10-01T13:30:00+00:00,us_open,61,85,2025-10-02T13:00:00+00:00,118594.99,flat,bull,119306.56,118120.61,0,0,0,0,sl_hit_before_tp,1,0.2691,0,0,19,62,19
3,2025-10-02T00:00:00+00:00,asia_open,72,96,2025-10-03T00:00:00+00:00,120529.35,flat,flat,121252.53,120047.23,1,0,0,0,sl_hit_before_tp,1,0.3252,0,0,7.5,85,7.5
4,2025-10-02T13:30:00+00:00,us_open,85,109,2025-10-03T13:00:00+00:00,120529.35,bull,flat,121022.07,117236.93,0,1,1,0,tp_hit_before_sl,6,0.3152,0,0,60,0,40
5,2025-10-03T00:00:00+00:00,asia_open,96,120,2025-10-04T00:00:00+00:00,122232,bull,flat,129960,118368,0,0,0,0,no_hit,24,0.3006,0,0,72,0,28
6,2025-10-03T13:30:00+00:00,us_open,109,133,2025-10-04T13:00:00+00:00,122232,flat,flat,122965.39,121743.07,1,0,0,0,sl_hit_before_tp,1,0.2969,0,0,12.5,75,12.5
7,2025-10-04T00:00:00+00:00,asia_open,120,144,2025-10-05T00:00:00+00:00,122391,flat,flat,123125.35,121901.44,1,0,0,0,sl_hit_before_tp,1,0.1686,0,0,12.5,75,12.5
8,2025-10-04T13:30:00+00:00,us_open,133,157,2025-10-05T13:00:00+00:00,122391,flat,bull,123125.35,121901.44,0,0,0,0,sl_hit_before_tp,2,0.4751,0,0,12.5,75,12.5
9,2025-10-05T00:00:00+00:00,asia_open,144,168,2025-10-06T00:00:00+00:00,123482.31,bull,flat,125952,122391.42,0,0,0,0,sl_hit_before_tp,1,0.4825,0,0,70,0,30
10,2025-10-05T13:30:00+00:00,us_open,157,181,2025-10-06T13:00:00+00:00,123482.31,bull,bull,129656.43,122136,1,0,0,0,no_hit,24,0.255,0,0,70,0,30
11,2025-10-06T00:00:00+00:00,asia_open,168,192,2025-10-07T00:00:00+00:00,124658.54,flat,flat,125406.49,124159.91,1,0,0,0,sl_hit_before_tp,1,0.3038,0,0,12.5,75,12.5
12,2025-10-06T13:30:00+00:00,us_open,181,205,2025-10-07T13:00:00+00:00,124658.54,bull,bear,129704,122136,0,0,0,0,no_hit,24,0.3198,0,0,70,0,30
13,2025-10-07T00:00:00+00:00,asia_open,192,216,2025-10-08T00:00:00+00:00,121332.95,flat,flat,122060.95,120847.62,1,1,1,0,tp_hit_before_sl,1,0.3931,0,0,17.5,65,17.5
14,2025-10-07T13:30:00+00:00,us_open,205,229,2025-10-08T13:00:00+00:00,121332.95,bear,bull,112879,123048.37,0,0,0,0,sl_hit_before_tp,1,0.4089,0,0,38,0,62
15,2025-10-08T00:00:00+00:00,asia_open,216,240,2025-10-09T00:00:00+00:00,123306,flat,flat,124045.84,122812.78,1,0,0,0,sl_hit_before_tp,1,0.3709,0,0,20,60,20
16,2025-10-08T13:30:00+00:00,us_open,229,253,2025-10-09T13:00:00+00:00,123306,bull,bear,128768,120575,0,0,0,0,no_hit,24,0.4469,0,0,70,0,30
17,2025-10-09T00:00:00+00:00,asia_open,240,264,2025-10-10T00:00:00+00:00,121662.4,flat,flat,122392.37,121175.75,1,1,1,0,tp_hit_before_sl,1,0.5033,0,0,20,60,20
18,2025-10-09T13:30:00+00:00,us_open,253,277,2025-10-10T13:00:00+00:00,121662.4,flat,flat,122392.37,121175.75,1,0,0,0,sl_hit_before_tp,1,0.416,0,0,24,52,24
19,2025-10-10T00:00:00+00:00,asia_open,264,288,2025-10-11T00:00:00+00:00,112774.5,flat,flat,113451.15,112323.4,1,1,1,0,tp_hit_before_sl,1,0.5544,0,0,25,50,25
20,2025-10-10T13:30:00+00:00,us_open,277,301,2025-10-11T13:00:00+00:00,112774.5,flat,flat,113451.15,112323.4,1,1,1,0,tp_hit_before_sl,1,0.8177,0,0,22.5,55,22.5
21,2025-10-11T00:00:00+00:00,asia_open,288,312,2025-10-12T00:00:00+00:00,110644.4,flat,bear,111308.27,110201.82,0,1,1,0,tp_hit_before_sl,1,0.7083,0,0,24,52,24
22,2025-10-11T13:30:00+00:00,us_open,301,325,2025-10-12T13:00:00+00:00,110644.4,flat,bull,111308.27,110201.82,0,1,1,0,tp_hit_before_sl,1,0.4135,0,0,17.5,65,17.5
23,2025-10-12T00:00:00+00:00,asia_open,312,336,2025-10-13T00:00:00+00:00,114958.8,flat,flat,115648.55,114498.96,1,0,0,0,sl_hit_before_tp,1,0.3662,0,0,20,60,20
24,2025-10-12T13:30:00+00:00,us_open,325,349,2025-10-13T13:00:00+00:00,114958.8,flat,flat,115648.55,114498.96,1,0,0,0,sl_hit_before_tp,1,0.4134,0,0,22.5,55,22.5
25,2025-10-13T00:00:00+00:00,asia_open,336,360,2025-10-14T00:00:00+00:00,115166,flat,flat,115857,114705.34,1,1,1,0,tp_hit_before_sl,2,0.4026,0,0,17.5,65,17.5
26,2025-10-13T13:30:00+00:00,us_open,349,373,2025-10-14T13:00:00+00:00,115166,bear,bear,102000,116200,1,0,0,0,no_hit,24,0.4058,0,0,38,0,62
27,2025-10-14T00:00:00+00:00,asia_open,360,384,2025-10-15T00:00:00+00:00,113028.14,bear,flat,109561,116146,0,0,0,0,no_hit,24,0.4529,0,0,28,0,72
28,2025-10-14T13:30:00+00:00,us_open,373,397,2025-10-15T13:00:00+00:00,113028.14,bear,bear,103945.89,115409.96,1,0,0,0,no_hit,24,0.3894,0,0,30,0,70
29,2025-10-15T00:00:00+00:00,asia_open,384,408,2025-10-16T00:00:00+00:00,110763.28,bear,flat,102000,113267.66,0,0,0,0,sl_hit_before_tp,2,0.2505,0,0,30,0,70
30,2025-10-15T13:30:00+00:00,us_open,397,421,2025-10-16T13:00:00+00:00,110763.28,bear,flat,104117,113867,0,0,0,0,no_hit,24,0.3705,0,0,30,0,70
31,2025-10-16T00:00:00+00:00,asia_open,408,432,2025-10-17T00:00:00+00:00,108194.28,flat,bull,108843.45,107761.5,0,1,1,0,tp_hit_before_sl,1,0.5995,0,0,10,80,10
32,2025-10-16T13:30:00+00:00,us_open,421,445,2025-10-17T13:00:00+00:00,108194.28,bear,bear,102000,112301.3,1,0,0,0,no_hit,24,0.6634,0,0,30,0,70
33,2025-10-17T00:00:00+00:00,asia_open,432,456,2025-10-18T00:00:00+00:00,106431.68,flat,flat,107070.27,106005.95,1,1,1,0,tp_hit_before_sl,1,0.6209,0,0,14,72,14
34,2025-10-17T13:30:00+00:00,us_open,445,469,2025-10-18T13:00:00+00:00,106431.68,bear,flat,97837,110057.58,0,0,0,0,no_hit,24,0.4568,0,0,30,0,70
35,2025-10-18T00:00:00+00:00,asia_open,456,480,2025-10-19T00:00:00+00:00,107185.01,bear,flat,102000,113612.35,0,0,0,0,no_hit,24,0.2418,0,0,25,0,75
36,2025-10-18T13:30:00+00:00,us_open,469,493,2025-10-19T13:00:00+00:00,107185.01,bear,bull,103528.23,107499,0,0,0,0,sl_hit_before_tp,20,0.2753,0,0,35,0,65
37,2025-10-19T00:00:00+00:00,asia_open,480,504,2025-10-20T00:00:00+00:00,108642.78,flat,bear,109294.64,108208.21,0,0,0,0,sl_hit_before_tp,1,0.3388,0,0,17.5,65,17.5
38,2025-10-19T13:30:00+00:00,us_open,493,517,2025-10-20T13:00:00+00:00,108642.78,flat,bull,109294.64,108208.21,0,0,0,0,sl_hit_before_tp,1,0.3875,0,0,15,70,15
39,2025-10-20T00:00:00+00:00,asia_open,504,528,2025-10-21T00:00:00+00:00,110532.09,bear,flat,102000,114718.62,0,0,0,0,no_hit,24,0.3867,0,0,32,0,68
40,2025-10-20T13:30:00+00:00,us_open,517,541,2025-10-21T13:00:00+00:00,110532.09,bear,bear,97268.24,111705.56,1,0,0,0,sl_hit_before_tp,2,0.3936,0,0,38,0,62
41,2025-10-21T00:00:00+00:00,asia_open,528,552,2025-10-22T00:00:00+00:00,108297.67,flat,flat,108947.46,107864.48,1,1,1,0,tp_hit_before_sl,1,0.9268,0,0,12.5,75,12.5
42,2025-10-21T13:30:00+00:00,us_open,541,565,2025-10-22T13:00:00+00:00,108297.67,bear,flat,102000,110000,0,0,0,0,sl_hit_before_tp,1,0.8975,0,0,30,0,70
43,2025-10-22T00:00:00+00:00,asia_open,552,576,2025-10-23T00:00:00+00:00,107567.44,flat,flat,108212.84,107137.17,1,1,1,0,tp_hit_before_sl,1,0.3149,0,0,17.5,65,17.5
44,2025-10-22T13:30:00+00:00,us_open,565,589,2025-10-23T13:00:00+00:00,107567.44,bear,bull,102189,108776.74,0,0,0,0,sl_hit_before_tp,1,0.3879,0,0,30,0,70
45,2025-10-23T00:00:00+00:00,asia_open,576,600,2025-10-24T00:00:00+00:00,110078.18,flat,flat,110738.65,109637.87,1,0,0,0,sl_hit_before_tp,1,0.436,0,0,20,60,20
46,2025-10-23T13:30:00+00:00,us_open,589,613,2025-10-24T13:00:00+00:00,110078.18,flat,bull,110738.65,109637.87,0,0,0,0,sl_hit_before_tp,1,0.3493,0,0,22.5,55,22.5
47,2025-10-24T00:00:00+00:00,asia_open,600,624,2025-10-25T00:00:00+00:00,111004.89,flat,flat,111670.92,110560.87,1,0,0,0,sl_hit_before_tp,1,0.2591,0,0,20,60,20
48,2025-10-24T13:30:00+00:00,us_open,613,637,2025-10-25T13:00:00+00:00,111004.89,flat,bull,111670.92,110560.87,0,0,0,0,sl_hit_before_tp,1,0.2148,0,0,24,52,24
49,2025-10-25T00:00:00+00:00,asia_open,624,648,2025-10-26T00:00:00+00:00,111646.27,flat,flat,112316.15,111199.68,1,0,0,0,sl_hit_before_tp,1,0.1506,0,0,22.5,55,22.5
50,2025-10-25T13:30:00+00:00,us_open,637,661,2025-10-26T13:00:00+00:00,111646.27,flat,bull,112316.15,111199.68,0,0,0,0,sl_hit_before_tp,3,0.2268,0,0,25,50,25
51,2025-10-26T00:00:00+00:00,asia_open,648,672,2025-10-27T00:00:00+00:00,114559.4,bull,flat,119222,111260.45,0,0,0,0,sl_hit_before_tp,3,0.2992,0,0,62,0,38
52,2025-10-26T13:30:00+00:00,us_open,661,685,2025-10-27T13:00:00+00:00,114559.4,bull,bull,121158,111260.45,1,0,0,0,no_hit,24,0.3179,0,0,70,0,30
53,2025-10-27T00:00:00+00:00,asia_open,672,696,2025-10-28T00:00:00+00:00,114107.65,flat,flat,114792.3,113651.22,1,1,1,0,tp_hit_before_sl,1,0.2945,0,0,20,60,20
54,2025-10-27T13:30:00+00:00,us_open,685,709,2025-10-28T13:00:00+00:00,114107.65,flat,bull,114792.3,113651.22,0,1,1,0,tp_hit_before_sl,1,0.3238,0,0,26,48,26
55,2025-10-28T00:00:00+00:00,asia_open,696,720,2025-10-29T00:00:00+00:00,112898.45,flat,flat,113575.84,112446.86,1,1,1,0,tp_hit_before_sl,1,0.4353,0,0,17.5,65,17.5
56,2025-10-28T13:30:00+00:00,us_open,709,733,2025-10-29T13:00:00+00:00,112898.45,flat,flat,113575.84,112446.86,1,1,1,0,tp_hit_before_sl,1,0.3733,0,0,20,60,20
57,2025-10-29T00:00:00+00:00,asia_open,720,744,2025-10-30T00:00:00+00:00,110021.29,flat,flat,110681.42,109581.2,1,1,1,0,tp_hit_before_sl,1,0.447,0,0,15,70,15
58,2025-10-29T13:30:00+00:00,us_open,733,757,2025-10-30T13:00:00+00:00,110021.29,flat,bear,110681.42,109581.2,0,1,1,0,tp_hit_before_sl,1,0.7391,0,0,15,70,15
59,2025-10-30T00:00:00+00:00,asia_open,744,768,2025-10-31T00:00:00+00:00,108322.88,flat,bull,108972.82,107889.59,0,1,1,0,tp_hit_before_sl,1,0.7429,0,0,20,60,20
60,2025-10-30T13:30:00+00:00,us_open,757,781,2025-10-31T13:00:00+00:00,108322.88,flat,bull,108972.82,107889.59,0,0,0,0,sl_hit_before_tp,1,0.5041,0,0,22.5,55,22.5
61,2025-10-31T00:00:00+00:00,asia_open,768,792,2025-11-01T00:00:00+00:00,109608.01,flat,flat,110265.66,109169.58,1,0,0,0,sl_hit_before_tp,2,0.4691,0,0,20,60,20
62,2025-10-31T13:30:00+00:00,us_open,781,805,2025-11-01T13:00:00+00:00,109608.01,bear,flat,104127.61,111592,0,0,0,0,no_hit,24,0.3457,0,0,34,33,33
63,2025-11-01T00:00:00+00:00,asia_open,792,816,2025-11-02T00:00:00+00:00,110098.1,flat,flat,110758.69,109657.71,1,0,0,0,sl_hit_before_tp,2,0.186,0,0,24,52,24
64,2025-11-01T13:30:00+00:00,us_open,805,829,2025-11-02T13:00:00+00:00,110098.1,bear,flat,101290.25,111592,0,0,0,0,no_hit,24,0.2555,0,0,34,33,33
65,2025-11-02T00:00:00+00:00,asia_open,816,840,2025-11-03T00:00:00+00:00,110540.68,bear,bear,106304.34,111592,1,0,0,0,no_hit,24,0.2931,0,0,34,33,33
66,2025-11-02T13:30:00+00:00,us_open,829,853,2025-11-03T13:00:00+00:00,110540.68,flat,bear,111203.92,110098.52,0,0,0,0,sl_hit_before_tp,2,0.3518,0,0,20,60,20
67,2025-11-03T00:00:00+00:00,asia_open,840,864,2025-11-04T00:00:00+00:00,106583.04,bear,flat,100000,109582.37,0,0,0,0,sl_hit_before_tp,1,0.5919,0,0,34,33,33
68,2025-11-03T13:30:00+00:00,us_open,853,877,2025-11-04T13:00:00+00:00,106583.04,bear,bear,100584,109582.37,1,0,0,0,no_hit,24,0.7696,0,0,34,33,33
69,2025-11-04T00:00:00+00:00,asia_open,864,888,2025-11-05T00:00:00+00:00,101497.22,flat,bear,102106.2,101091.23,0,1,1,0,tp_hit_before_sl,1,0.7538,0,0,7.5,85,7.5
70,2025-11-04T13:30:00+00:00,us_open,877,901,2025-11-05T13:00:00+00:00,101497.22,bear,bull,89318,107299,0,0,0,0,no_hit,24,0.6226,0,0,34,33,33
71,2025-11-05T00:00:00+00:00,asia_open,888,912,2025-11-06T00:00:00+00:00,103885.16,flat,flat,104508.47,103469.62,1,0,0,0,sl_hit_before_tp,1,0.3504,0,0,24,52,24
72,2025-11-05T13:30:00+00:00,us_open,901,925,2025-11-06T13:00:00+00:00,103885.16,flat,bear,104508.47,103469.62,0,0,0,0,sl_hit_before_tp,1,0.3583,0,0,27.5,45,27.5
73,2025-11-06T00:00:00+00:00,asia_open,912,936,2025-11-07T00:00:00+00:00,101346.04,bear,flat,93238.35,104534.74,0,0,0,0,no_hit,24,0.5045,0,0,34,33,33
74,2025-11-06T13:30:00+00:00,us_open,925,949,2025-11-07T13:00:00+00:00,101346.04,bear,bear,93198.36,104534.74,1,0,0,0,no_hit,24,0.5042,0,0,34,33,33
75,2025-11-07T00:00:00+00:00,asia_open,936,960,2025-11-08T00:00:00+00:00,103339.08,flat,bear,103959.11,102925.72,0,0,0,0,sl_hit_before_tp,1,0.4799,0,0,22.5,55,22.5
76,2025-11-07T13:30:00+00:00,us_open,949,973,2025-11-08T13:00:00+00:00,103339.08,flat,bear,103959.11,102925.72,0,0,0,0,sl_hit_before_tp,1,0.3953,0,0,25,50,25
77,2025-11-08T00:00:00+00:00,asia_open,960,984,2025-11-09T00:00:00+00:00,102312.94,bear,bear,98944.36,103406.22,1,0,0,0,no_hit,24,0.2154,0,0,34,33,33
78,2025-11-08T13:30:00+00:00,us_open,973,997,2025-11-09T13:00:00+00:00,102312.94,bear,bull,101346.04,102554.47,0,0,0,0,sl_hit_before_tp,24,0.261,0,0,34,33,33
79,2025-11-09T00:00:00+00:00,asia_open,984,1008,2025-11-10T00:00:00+00:00,104722.96,flat,bull,105351.3,104304.07,0,0,0,0,sl_hit_before_tp,1,0.4191,0,0,17.5,65,17.5
80,2025-11-09T13:30:00+00:00,us_open,997,1021,2025-11-10T13:00:00+00:00,104722.96,flat,bull,105351.3,104304.07,0,0,0,0,sl_hit_before_tp,1,0.4433,0,0,20,60,20
81,2025-11-10T00:00:00+00:00,asia_open,1008,1032,2025-11-11T00:00:00+00:00,106011.13,flat,flat,106647.2,105587.09,1,1,1,0,tp_hit_before_sl,1,0.4588,0,0,20,60,20
82,2025-11-10T13:30:00+00:00,us_open,1021,1045,2025-11-11T13:00:00+00:00,106011.13,flat,bear,106647.2,105587.09,0,0,0,0,sl_hit_before_tp,1,0.4716,0,0,22.5,55,22.5
83,2025-11-11T00:00:00+00:00,asia_open,1032,1056,2025-11-12T00:00:00+00:00,103058.99,bear,flat,98944.36,104164.72,0,0,0,0,sl_hit_before_tp,1,0.3567,0,0,34,33,33
84,2025-11-11T13:30:00+00:00,us_open,1045,1069,2025-11-12T13:00:00+00:00,103058.99,bear,bull,98900,104164.72,0,0,0,0,sl_hit_before_tp,1,0.3544,0,0,34,33,33
85,2025-11-12T00:00:00+00:00,asia_open,1056,1080,2025-11-13T00:00:00+00:00,101654.37,bear,flat,93481,104177.22,0,0,0,0,sl_hit_before_tp,8,0.5237,0,0,34,33,33
86,2025-11-12T13:30:00+00:00,us_open,1069,1093,2025-11-13T13:00:00+00:00,101654.37,flat,bull,102264.3,101247.75,0,1,1,0,tp_hit_before_sl,1,0.5576,0,0,7.5,85,7.5
87,2025-11-13T00:00:00+00:00,asia_open,1080,1104,2025-11-14T00:00:00+00:00,99692.02,flat,bear,100290.17,99293.25,0,1,1,0,tp_hit_before_sl,1,0.6358,0,0,12.5,75,12.5
88,2025-11-13T13:30:00+00:00,us_open,1093,1117,2025-11-14T13:00:00+00:00,99692.02,bear,bear,90000,104085.01,1,0,0,0,no_hit,24,0.6202,0,0,34,33,33
89,2025-11-14T00:00:00+00:00,asia_open,1104,1128,2025-11-15T00:00:00+00:00,94594,bear,bull,83243,99866,0,0,0,0,sl_hit_before_tp,2,0.6875,0,0,34,33,33
90,2025-11-14T13:30:00+00:00,us_open,1117,1141,2025-11-15T13:00:00+00:00,94594,flat,bull,95161.56,94215.62,0,1,1,0,tp_hit_before_sl,1,0.6423,0,0,9,82,9
91,2025-11-15T00:00:00+00:00,asia_open,1128,1152,2025-11-16T00:00:00+00:00,95596.24,bear,flat,87057,99866.02,0,0,0,0,no_hit,24,0.3408,0,0,34,33,33
92,2025-11-15T13:30:00+00:00,us_open,1141,1165,2025-11-16T13:00:00+00:00,95596.24,bear,flat,90366,98211,0,0,0,0,no_hit,24,0.3304,0,0,34,33,33
93,2025-11-16T00:00:00+00:00,asia_open,1152,1176,2025-11-17T00:00:00+00:00,94261.44,bear,bull,86721,96635.11,0,0,0,0,sl_hit_before_tp,9,0.4661,0,0,34,33,33
94,2025-11-16T13:30:00+00:00,us_open,1165,1189,2025-11-17T13:00:00+00:00,94261.44,bear,flat,89514.1,96635.11,0,0,0,0,no_hit,24,0.5165,0,0,34,33,33
95,2025-11-17T00:00:00+00:00,asia_open,1176,1200,2025-11-18T00:00:00+00:00,92215.14,flat,flat,92768.43,91846.28,1,1,1,0,tp_hit_before_sl,1,0.5785,0,0,7.5,85,7.5
96,2025-11-17T13:30:00+00:00,us_open,1189,1213,2025-11-18T13:00:00+00:00,92215.14,bear,bear,84559,96043,1,0,0,0,sl_hit_before_tp,1,0.6103,0,0,34,33,33
97,2025-11-18T00:00:00+00:00,asia_open,1200,1224,2025-11-19T00:00:00+00:00,92960.83,bear,bear,89253.78,93836.01,1,1,1,0,tp_hit_before_sl,4,0.5931,0,0,34,33,33
98,2025-11-18T13:30:00+00:00,us_open,1213,1237,2025-11-19T13:00:00+00:00,92960.83,bear,bear,85524.36,96043,1,0,0,0,no_hit,24,0.5851,0,0,34,33,33
99,2025-11-19T00:00:00+00:00,asia_open,1224,1248,2025-11-20T00:00:00+00:00,91554.96,bear,flat,82399.46,92918.54,0,0,0,0,no_hit,24,0.689,0,0,34,33,33
100,2025-11-19T13:30:00+00:00,us_open,1237,1261,2025-11-20T13:00:00+00:00,91554.96,bear,flat,84210,93836,0,0,0,0,no_hit,24,0.6365,0,0,34,33,33
101,2025-11-20T00:00:00+00:00,asia_open,1248,1272,2025-11-21T00:00:00+00:00,86637.23,bear,bull,76801,91554.96,0,0,0,0,sl_hit_before_tp,1,0.778,0,0,34,33,33
102,2025-11-20T13:30:00+00:00,us_open,1261,1285,2025-11-21T13:00:00+00:00,86637.23,bear,bear,73591,93160,1,0,0,0,no_hit,24,1.0089,1,0,34,33,33
103,2025-11-21T00:00:00+00:00,asia_open,1272,1296,2025-11-22T00:00:00+00:00,85129.43,bear,flat,69067,93160,0,0,0,0,no_hit,24,1.0854,1,0,34,33,33
104,2025-11-21T13:30:00+00:00,us_open,1285,1309,2025-11-22T13:00:00+00:00,85129.43,bear,bear,80000,87498.94,1,0,0,0,no_hit,24,0.8387,0,0,34,33,33
105,2025-11-22T00:00:00+00:00,asia_open,1296,1320,2025-11-23T00:00:00+00:00,84739.74,bear,flat,77921,87498,0,0,0,0,no_hit,24,0.3853,0,0,34,33,33
106,2025-11-22T13:30:00+00:00,us_open,1309,1333,2025-11-23T13:00:00+00:00,84739.74,bear,bull,76266,87498,0,0,0,0,no_hit,24,0.3897,0,0,34,33,33
107,2025-11-23T00:00:00+00:00,asia_open,1320,1344,2025-11-24T00:00:00+00:00,86830,flat,flat,87350.98,86482.68,1,0,0,0,sl_hit_before_tp,1,0.4795,0,0,20,60,20
108,2025-11-23T13:30:00+00:00,us_open,1333,1357,2025-11-24T13:00:00+00:00,86830,bear,bear,80600,88127.64,1,0,0,0,sl_hit_before_tp,9,0.5389,0,0,34,33,33
109,2025-11-24T00:00:00+00:00,asia_open,1344,1368,2025-11-25T00:00:00+00:00,88300.01,flat,flat,88829.81,87946.81,1,0,0,0,sl_hit_before_tp,1,0.5667,0,0,20,60,20
110,2025-11-24T13:30:00+00:00,us_open,1357,1381,2025-11-25T13:00:00+00:00,88300.01,bear,bear,84739.74,89228,1,0,0,0,sl_hit_before_tp,7,0.4856,0,0,34,33,33
111,2025-11-25T00:00:00+00:00,asia_open,1368,1392,2025-11-26T00:00:00+00:00,87369.96,bear,flat,80600,88520,0,0,0,0,no_hit,24,0.3971,0,0,34,33,33
112,2025-11-25T13:30:00+00:00,us_open,1381,1405,2025-11-26T13:00:00+00:00,87369.96,flat,flat,87894.18,87020.48,1,0,0,0,sl_hit_before_tp,1,0.4306,0,0,20,60,20
113,2025-11-26T00:00:00+00:00,asia_open,1392,1416,2025-11-27T00:00:00+00:00,90484.02,flat,flat,91026.92,90122.08,1,0,0,0,sl_hit_before_tp,1,0.596,0,0,20,60,20
114,2025-11-26T13:30:00+00:00,us_open,1405,1429,2025-11-27T13:00:00+00:00,90484.02,flat,flat,91026.92,90122.08,1,0,0,0,sl_hit_before_tp,1,0.5461,0,0,17.5,65,17.5
115,2025-11-27T00:00:00+00:00,asia_open,1416,1440,2025-11-28T00:00:00+00:00,91333.95,flat,flat,91881.95,90968.61,1,0,0,0,sl_hit_before_tp,1,0.2772,0,0,17.5,65,17.5
116,2025-11-27T13:30:00+00:00,us_open,1429,1453,2025-11-28T13:00:00+00:00,91333.95,flat,bull,91881.95,90968.61,0,0,0,0,sl_hit_before_tp,1,0.3593,0,0,17.5,65,17.5
117,2025-11-28T00:00:00+00:00,asia_open,1440,1464,2025-11-29T00:00:00+00:00,90890.7,flat,flat,91436.04,90527.14,1,1,1,0,tp_hit_before_sl,4,0.4805,0,0,20,60,20
118,2025-11-28T13:30:00+00:00,us_open,1453,1477,2025-11-29T13:00:00+00:00,90890.7,flat,flat,91436.04,90527.14,1,1,1,0,tp_hit_before_sl,1,0.3546,0,0,22.5,55,22.5
119,2025-11-29T00:00:00+00:00,asia_open,1464,1488,2025-11-30T00:00:00+00:00,90802.44,flat,flat,91347.25,90439.23,1,0,0,0,sl_hit_before_tp,6,0.2252,0,0,20,60,20
120,2025-11-29T13:30:00+00:00,us_open,1477,1501,2025-11-30T13:00:00+00:00,90802.44,flat,bull,91347.25,90439.23,0,0,0,0,sl_hit_before_tp,4,0.2527,0,0,20,60,20
121,2025-11-30T00:00:00+00:00,asia_open,1488,1512,2025-12-01T00:00:00+00:00,90360,flat,bear,90902.16,89998.56,0,1,1,0,tp_hit_before_sl,1,0.7907,0,0,20,60,20
122,2025-11-30T13:30:00+00:00,us_open,1501,1525,2025-12-01T13:00:00+00:00,90360,flat,bear,90902.16,89998.56,0,1,1,0,tp_hit_before_sl,1,0.8228,0,0,22.5,55,22.5
123,2025-12-01T00:00:00+00:00,asia_open,1512,1536,2025-12-02T00:00:00+00:00,86286.01,flat,flat,86803.73,85940.87,1,1,1,0,tp_hit_before_sl,1,0.5557,0,0,15,70,15
124,2025-12-01T13:30:00+00:00,us_open,1525,1549,2025-12-02T13:00:00+00:00,86286.01,bear,bull,80738.76,89059.63,0,0,0,0,no_hit,24,0.4959,0,0,34,33,33
125,2025-12-02T00:00:00+00:00,asia_open,1536,1560,2025-12-03T00:00:00+00:00,91277.88,flat,flat,91825.55,90912.77,1,0,0,0,sl_hit_before_tp,1,0.6241,0,0,24.5,51,24.5
126,2025-12-02T13:30:00+00:00,us_open,1549,1573,2025-12-03T13:00:00+00:00,91277.88,flat,bull,91825.55,90912.77,0,0,0,0,sl_hit_before_tp,1,0.6461,0,0,25,50,25
127,2025-12-03T00:00:00+00:00,asia_open,1560,1584,2025-12-04T00:00:00+00:00,93429.95,flat,flat,93990.53,93056.23,1,0,0,0,sl_hit_before_tp,1,0.4394,0,0,20,60,20
128,2025-12-03T13:30:00+00:00,us_open,1573,1597,2025-12-04T13:00:00+00:00,93429.95,flat,bear,93990.53,93056.23,0,0,0,0,sl_hit_before_tp,1,0.4163,0,0,29,42,29
129,2025-12-04T00:00:00+00:00,asia_open,1584,1608,2025-12-05T00:00:00+00:00,92078.06,flat,flat,92630.53,91709.75,1,1,1,0,tp_hit_before_sl,1,0.4336,0,0,17.5,65,17.5
130,2025-12-04T13:30:00+00:00,us_open,1597,1621,2025-12-05T13:00:00+00:00,92078.06,flat,bear,92630.53,91709.75,0,1,1,0,tp_hit_before_sl,1,0.4562,0,0,17.5,65,17.5
131,2025-12-05T00:00:00+00:00,asia_open,1608,1632,2025-12-06T00:00:00+00:00,89330.04,flat,flat,89866.02,88972.72,1,1,1,0,tp_hit_before_sl,1,0.5254,0,0,17.5,65,17.5
132,2025-12-05T13:30:00+00:00,us_open,1621,1645,2025-12-06T13:00:00+00:00,89330.04,flat,flat,89866.02,88972.72,1,1,1,0,tp_hit_before_sl,1,0.4622,0,0,20,60,20
133,2025-12-06T00:00:00+00:00,asia_open,1632,1656,2025-12-07T00:00:00+00:00,89236.79,flat,flat,89772.21,88879.84,1,1,1,0,tp_hit_before_sl,3,0.1848,0,0,27.5,45,27.5
134,2025-12-06T13:30:00+00:00,us_open,1645,1669,2025-12-07T13:00:00+00:00,89236.79,flat,flat,89772.21,88879.84,1,1,1,0,tp_hit_before_sl,1,0.2242,0,0,20,60,20
135,2025-12-07T00:00:00+00:00,asia_open,1656,1680,2025-12-08T00:00:00+00:00,90395.31,flat,flat,90937.68,90033.73,1,0,0,0,sl_hit_before_tp,1,0.6023,0,0,20,60,20
136,2025-12-07T13:30:00+00:00,us_open,1669,1693,2025-12-08T13:00:00+00:00,90395.31,flat,bull,90937.68,90033.73,0,0,0,0,sl_hit_before_tp,1,0.6053,0,0,20,60,20
137,2025-12-08T00:00:00+00:00,asia_open,1680,1704,2025-12-09T00:00:00+00:00,90634.34,flat,flat,91178.15,90271.8,1,1,1,0,tp_hit_before_sl,1,0.4162,0,0,20,60,20
138,2025-12-08T13:30:00+00:00,us_open,1693,1717,2025-12-09T13:00:00+00:00,90634.34,flat,flat,91178.15,90271.8,1,1,1,0,tp_hit_before_sl,1,0.4086,0,0,20,60,20
139,2025-12-09T00:00:00+00:00,asia_open,1704,1728,2025-12-10T00:00:00+00:00,92678.8,bull,bear,97192.59,90439.22,0,0,0,0,sl_hit_before_tp,1,0.6952,0,0,34,33,33
140,2025-12-09T13:30:00+00:00,us_open,1717,1741,2025-12-10T13:00:00+00:00,92678.8,bull,bear,106329.06,89500,0,0,0,0,no_hit,24,0.6884,0,0,34,33,33
141,2025-12-10T00:00:00+00:00,asia_open,1728,1752,2025-12-11T00:00:00+00:00,92015.37,flat,bear,92567.46,91647.31,0,1,1,0,tp_hit_before_sl,2,0.3145,0,0,20,60,20
142,2025-12-10T13:30:00+00:00,us_open,1741,1765,2025-12-11T13:00:00+00:00,92015.37,flat,bear,92567.46,91647.31,0,0,0,0,sl_hit_before_tp,1,0.3503,0,0,22.5,55,22.5
143,2025-12-11T00:00:00+00:00,asia_open,1752,1776,2025-12-12T00:00:00+00:00,92513.38,bull,bear,97139,90884.2,0,0,0,0,sl_hit_before_tp,1,0.5275,0,0,34,33,33
144,2025-12-11T13:30:00+00:00,us_open,1765,1789,2025-12-12T13:00:00+00:00,92513.38,bull,flat,96451.68,86286.01,0,0,0,0,no_hit,24,0.4868,0,0,34,33,33
145,2025-12-12T00:00:00+00:00,asia_open,1776,1800,2025-12-13T00:00:00+00:00,90268.42,flat,flat,90810.03,89907.35,1,1,1,0,tp_hit_before_sl,1,0.5897,0,0,20,60,20
146,2025-12-12T13:30:00+00:00,us_open,1789,1813,2025-12-13T13:00:00+00:00,90268.42,flat,flat,90810.03,89907.35,1,1,1,0,tp_hit_before_sl,1,0.5612,0,0,17.5,65,17.5
147,2025-12-13T00:00:00+00:00,asia_open,1800,1824,2025-12-14T00:00:00+00:00,90240.01,flat,flat,90781.45,89879.05,1,0,0,0,sl_hit_before_tp,21,0.1069,0,0,20,60,20
148,2025-12-13T13:30:00+00:00,us_open,1813,1837,2025-12-14T13:00:00+00:00,90240.01,flat,bear,90781.45,89879.05,0,0,0,0,sl_hit_before_tp,8,0.1392,0,0,20,60,20
149,2025-12-14T00:00:00+00:00,asia_open,1824,1848,2025-12-15T00:00:00+00:00,88172.17,bear,flat,83763.56,90472.4,0,0,0,0,no_hit,24,0.1898,0,0,34,33,33
150,2025-12-14T13:30:00+00:00,us_open,1837,1861,2025-12-15T13:00:00+00:00,88172.17,bear,bull,81078.4,90472.4,0,0,0,0,no_hit,24,0.2732,0,0,34,33,33
151,2025-12-15T00:00:00+00:00,asia_open,1848,1872,2025-12-16T00:00:00+00:00,86432.08,bear,bear,80000,89113.33,1,0,0,0,sl_hit_before_tp,1,0.5306,0,0,34,33,33
152,2025-12-15T13:30:00+00:00,us_open,1861,1885,2025-12-16T13:00:00+00:00,86432.08,flat,flat,86950.67,86086.35,1,1,1,0,tp_hit_before_sl,1,0.5667,0,0,19,62,19
153,2025-12-16T00:00:00+00:00,asia_open,1872,1896,2025-12-17T00:00:00+00:00,87863.42,flat,flat,88390.6,87511.97,1,0,0,0,sl_hit_before_tp,1,0.4518,0,0,12.5,75,12.5
154,2025-12-16T13:30:00+00:00,us_open,1885,1909,2025-12-17T13:00:00+00:00,87863.42,flat,flat,88390.6,87511.97,1,0,0,0,sl_hit_before_tp,1,0.4363,0,0,16,68,16
155,2025-12-17T00:00:00+00:00,asia_open,1896,1920,2025-12-18T00:00:00+00:00,86243.22,bear,flat,84107,87311.22,0,0,0,0,sl_hit_before_tp,1,0.8117,0,0,34,33,33
156,2025-12-17T13:30:00+00:00,us_open,1909,1933,2025-12-18T13:00:00+00:00,86243.22,bear,bull,79344,87311.22,0,0,0,0,sl_hit_before_tp,1,0.8719,0,0,34,33,33
157,2025-12-18T00:00:00+00:00,asia_open,1920,1944,2025-12-19T00:00:00+00:00,85516.41,bear,flat,80425,86525.45,0,0,0,0,sl_hit_before_tp,2,0.7312,0,0,34,33,33
158,2025-12-18T13:30:00+00:00,us_open,1933,1957,2025-12-19T13:00:00+00:00,85516.41,bear,bull,83498.01,86525.45,0,0,0,0,sl_hit_before_tp,1,0.6984,0,0,34,33,33
159,2025-12-19T00:00:00+00:00,asia_open,1944,1968,2025-12-20T00:00:00+00:00,88136.94,flat,flat,88665.76,87784.39,1,0,0,0,sl_hit_before_tp,1,0.4821,0,0,20,60,20
160,2025-12-19T13:30:00+00:00,us_open,1957,1981,2025-12-20T13:00:00+00:00,88136.94,flat,flat,88665.76,87784.39,1,0,0,0,sl_hit_before_tp,1,0.3435,0,0,22.5,55,22.5
161,2025-12-20T00:00:00+00:00,asia_open,1968,1992,2025-12-21T00:00:00+00:00,88360.9,flat,flat,88891.07,88007.46,1,0,0,0,sl_hit_before_tp,1,0.0701,0,0,25,50,25
162,2025-12-20T13:30:00+00:00,us_open,1981,2005,2025-12-21T13:00:00+00:00,88360.9,flat,bear,88891.07,88007.46,0,0,0,0,sl_hit_before_tp,13,0.2788,0,0,20,60,20
163,2025-12-21T00:00:00+00:00,asia_open,1992,2016,2025-12-22T00:00:00+00:00,88658.86,flat,flat,89190.81,88304.22,1,0,0,0,sl_hit_before_tp,1,0.3171,0,0,27.5,45,27.5
164,2025-12-21T13:30:00+00:00,us_open,2005,2029,2025-12-22T13:00:00+00:00,88658.86,flat,bull,89190.81,88304.22,0,0,0,0,sl_hit_before_tp,1,0.2223,0,0,25,50,25
165,2025-12-22T00:00:00+00:00,asia_open,2016,2040,2025-12-23T00:00:00+00:00,88620.79,flat,flat,89152.51,88266.31,1,1,1,0,tp_hit_before_sl,1,0.3601,0,0,17.5,65,17.5
166,2025-12-22T13:30:00+00:00,us_open,2029,2053,2025-12-23T13:00:00+00:00,88620.79,flat,bear,89152.51,88266.31,0,1,1,0,tp_hit_before_sl,1,0.3325,0,0,20,60,20
167,2025-12-23T00:00:00+00:00,asia_open,2040,2064,2025-12-24T00:00:00+00:00,87486,flat,flat,88010.92,87136.06,1,1,1,0,tp_hit_before_sl,1,0.4149,0,0,14,72,14
168,2025-12-23T13:30:00+00:00,us_open,2053,2077,2025-12-24T13:00:00+00:00,87486,bear,flat,84578,88940,0,0,0,0,no_hit,24,0.42,0,0,34,33,33
169,2025-12-24T00:00:00+00:00,asia_open,2064,2088,2025-12-25T00:00:00+00:00,87669.45,bear,flat,85516.41,88030.19,0,0,0,0,sl_hit_before_tp,22,0.2294,0,0,34,33,33
170,2025-12-24T13:30:00+00:00,us_open,2077,2101,2025-12-25T13:00:00+00:00,87669.45,bear,flat,81831.89,90588.23,0,0,0,0,no_hit,24,0.1778,0,0,34,33,33
171,2025-12-25T00:00:00+00:00,asia_open,2088,2112,2025-12-26T00:00:00+00:00,87225.27,flat,flat,87748.62,86876.37,1,1,1,0,tp_hit_before_sl,1,0.2344,0,0,15,70,15
172,2025-12-25T13:30:00+00:00,us_open,2101,2125,2025-12-26T13:00:00+00:00,87225.27,bear,bull,82864.01,88592.74,0,0,0,0,sl_hit_before_tp,2,0.5115,0,0,34,33,33
173,2025-12-26T00:00:00+00:00,asia_open,2112,2136,2025-12-27T00:00:00+00:00,87369.56,bear,flat,82973,89567.75,0,0,0,0,sl_hit_before_tp,7,0.6184,0,0,34,33,33
174,2025-12-26T13:30:00+00:00,us_open,2125,2149,2025-12-27T13:00:00+00:00,87369.56,flat,flat,87893.78,87020.08,1,1,1,0,tp_hit_before_sl,1,0.4,0,0,20,60,20
175,2025-12-27T00:00:00+00:00,asia_open,2136,2160,2025-12-28T00:00:00+00:00,87877.01,flat,flat,88404.27,87525.5,1,0,0,0,sl_hit_before_tp,1,0.0974,0,0,20,60,20
176,2025-12-27T13:30:00+00:00,us_open,2149,2173,2025-12-28T13:00:00+00:00,87877.01,flat,flat,88404.27,87525.5,1,0,0,0,sl_hit_before_tp,1,0.096,0,0,24,52,24
177,2025-12-28T00:00:00+00:00,asia_open,2160,2184,2025-12-29T00:00:00+00:00,87952.71,flat,flat,88480.43,87600.9,1,0,0,0,sl_hit_before_tp,18,0.1251,0,0,20,60,20
178,2025-12-28T13:30:00+00:00,us_open,2173,2197,2025-12-29T13:00:00+00:00,87952.71,flat,bear,88480.43,87600.9,0,0,0,0,sl_hit_before_tp,5,0.464,0,0,17.5,65,17.5
179,2025-12-29T00:00:00+00:00,asia_open,2184,2208,2025-12-30T00:00:00+00:00,87237.13,bear,flat,82875.27,88658.86,0,0,0,0,sl_hit_before_tp,2,0.4662,0,0,34,33,33
180,2025-12-29T13:30:00+00:00,us_open,2197,2221,2025-12-30T13:00:00+00:00,87237.13,bear,bull,84450.01,88658.86,0,0,0,0,no_hit,24,0.1882,0,0,34,33,33
181,2025-12-30T00:00:00+00:00,asia_open,2208,2232,2025-12-31T00:00:00+00:00,88485.49,flat,flat,89016.4,88131.55,1,0,0,0,sl_hit_before_tp,1,0.2737,0,0,15.5,69,15.5
182,2025-12-30T13:30:00+00:00,us_open,2221,2245,2025-12-31T13:00:00+00:00,88485.49,bull,bull,91843,86806.5,1,0,0,0,no_hit,24,0.289,0,0,34,33,33
183,2025-12-31T00:00:00+00:00,asia_open,2232,2256,2026-01-01T00:00:00+00:00,87648.22,flat,flat,88174.11,87297.63,1,1,1,0,tp_hit_before_sl,1,0.2541,0,0,20,60,20
184,2025-12-31T13:30:00+00:00,us_open,2245,2269,2026-01-01T13:00:00+00:00,87648.22,bull,flat,89331,86806.5,0,0,0,0,no_hit,24,0.213,0,0,34,33,33
185,2026-01-01T00:00:00+00:00,asia_open,2256,2280,2026-01-02T00:00:00+00:00,88839.04,bull,flat,92392.6,87550.43,0,0,0,0,sl_hit_before_tp,4,0.1538,0,0,34,33,33
186,2026-01-01T13:30:00+00:00,us_open,2269,2293,2026-01-02T13:00:00+00:00,88839.04,bull,bull,100517.09,85516.41,1,0,0,0,no_hit,24,0.2027,0,0,34,33,33
187,2026-01-02T00:00:00+00:00,asia_open,2280,2304,2026-01-03T00:00:00+00:00,89995.13,flat,flat,90535.1,89635.15,1,0,0,0,sl_hit_before_tp,1,0.3273,0,0,15,70,15
188,2026-01-02T13:30:00+00:00,us_open,2293,2317,2026-01-03T13:00:00+00:00,89995.13,bull,flat,100283.97,88379.88,0,0,0,0,no_hit,24,0.3091,0,0,34,33,33
189,2026-01-03T00:00:00+00:00,asia_open,2304,2328,2026-01-04T00:00:00+00:00,90628.01,bull,bull,100100.31,88187.2,1,0,0,0,no_hit,24,0.2136,0,0,34,33,33
190,2026-01-03T13:30:00+00:00,us_open,2317,2341,2026-01-04T13:00:00+00:00,90628.01,bull,bull,95343.55,88270.24,1,0,0,0,no_hit,24,0.224,0,0,34,33,33
191,2026-01-04T00:00:00+00:00,asia_open,2328,2352,2026-01-05T00:00:00+00:00,91529.73,bull,bull,93690.69,90449.25,1,0,0,0,no_hit,24,0.2515,0,0,34,33,33
192,2026-01-04T13:30:00+00:00,us_open,2341,2365,2026-01-05T13:00:00+00:00,91529.73,bull,bull,99919.17,88835.91,1,0,0,0,no_hit,24,0.2827,0,0,34,33,33
193,2026-01-05T00:00:00+00:00,asia_open,2352,2376,2026-01-06T00:00:00+00:00,93859.71,flat,flat,94422.87,93484.27,1,0,0,0,sl_hit_before_tp,1,0.3153,0,0,15,70,15
194,2026-01-05T13:30:00+00:00,us_open,2365,2389,2026-01-06T13:00:00+00:00,93859.71,bull,flat,99761.41,91718.58,0,0,0,0,no_hit,24,0.299,0,0,34,33,33
195,2026-01-06T00:00:00+00:00,asia_open,2376,2400,2026-01-07T00:00:00+00:00,93747.97,bull,bear,97497.89,92254.7,0,0,0,0,sl_hit_before_tp,17,0.4828,0,0,34,33,33
196,2026-01-06T13:30:00+00:00,us_open,2389,2413,2026-01-07T13:00:00+00:00,93747.97,flat,bear,94310.46,93372.98,0,1,1,0,tp_hit_before_sl,1,0.5304,0,0,17.5,65,17.5
197,2026-01-07T00:00:00+00:00,asia_open,2400,2424,2026-01-08T00:00:00+00:00,91364.16,flat,flat,91912.34,90998.7,1,1,1,0,tp_hit_before_sl,1,0.3264,0,0,17.5,65,17.5
198,2026-01-07T13:30:00+00:00,us_open,2413,2437,2026-01-08T13:00:00+00:00,91364.16,flat,bear,91912.34,90998.7,0,1,1,0,tp_hit_before_sl,1,0.3548,0,0,22.5,55,22.5
199,2026-01-08T00:00:00+00:00,asia_open,2424,2448,2026-01-09T00:00:00+00:00,91099.99,flat,flat,91646.59,90735.59,1,1,1,0,tp_hit_before_sl,1,0.3955,0,0,17.5,65,17.5
200,2026-01-08T13:30:00+00:00,us_open,2437,2461,2026-01-09T13:00:00+00:00,91099.99,flat,bear,91646.59,90735.59,0,0,0,0,sl_hit_before_tp,1,0.3171,0,0,24,52,24
201,2026-01-09T00:00:00+00:00,asia_open,2448,2472,2026-01-10T00:00:00+00:00,90641.28,flat,flat,91185.13,90278.71,1,1,1,0,tp_hit_before_sl,1,0.3959,0,0,20,60,20
202,2026-01-09T13:30:00+00:00,us_open,2461,2485,2026-01-10T13:00:00+00:00,90641.28,flat,flat,91185.13,90278.71,1,0,0,0,sl_hit_before_tp,1,0.3426,0,0,27.5,45,27.5
203,2026-01-10T00:00:00+00:00,asia_open,2472,2496,2026-01-11T00:00:00+00:00,90504.7,flat,flat,91047.73,90142.68,1,0,0,0,no_hit,24,0.103,0,0,17.5,65,17.5
204,2026-01-10T13:30:00+00:00,us_open,2485,2509,2026-01-11T13:00:00+00:00,90504.7,flat,flat,91047.73,90142.68,1,0,0,0,no_hit,24,0.0809,0,0,24,52,24
205,2026-01-11T00:00:00+00:00,asia_open,2496,2520,2026-01-12T00:00:00+00:00,91013.65,flat,flat,91559.73,90649.6,1,0,0,0,sl_hit_before_tp,1,0.1768,0,0,27,46,27
206,2026-01-11T13:30:00+00:00,us_open,2509,2533,2026-01-12T13:00:00+00:00,91013.65,flat,flat,91559.73,90649.6,1,0,0,0,sl_hit_before_tp,7,0.3433,0,0,25,50,25
207,2026-01-12T00:00:00+00:00,asia_open,2520,2544,2026-01-13T00:00:00+00:00,91296.2,flat,flat,91843.98,90931.02,1,1,1,0,tp_hit_before_sl,2,0.4152,0,0,24,52,24
208,2026-01-12T13:30:00+00:00,us_open,2533,2557,2026-01-13T13:00:00+00:00,91296.2,flat,bull,91843.98,90931.02,0,0,0,0,sl_hit_before_tp,1,0.3292,0,0,20,60,20
209,2026-01-13T00:00:00+00:00,asia_open,2544,2568,2026-01-14T00:00:00+00:00,95414,flat,flat,95986.48,95032.34,1,0,0,0,sl_hit_before_tp,1,0.4748,0,0,10,80,10
210,2026-01-13T13:30:00+00:00,us_open,2557,2581,2026-01-14T13:00:00+00:00,95414,flat,flat,95986.48,95032.34,1,0,0,0,sl_hit_before_tp,1,0.4926,0,0,17.5,65,17.5
211,2026-01-14T00:00:00+00:00,asia_open,2568,2592,2026-01-15T00:00:00+00:00,96951.78,flat,flat,97533.49,96563.97,1,0,0,0,sl_hit_before_tp,1,0.4443,0,0,10,80,10
212,2026-01-14T13:30:00+00:00,us_open,2581,2605,2026-01-15T13:00:00+00:00,96951.78,flat,flat,97533.49,96563.97,1,0,0,0,sl_hit_before_tp,1,0.4484,0,0,7.5,85,7.5
213,2026-01-15T00:00:00+00:00,asia_open,2592,2616,2026-01-16T00:00:00+00:00,95604.8,flat,flat,96178.43,95222.38,1,1,1,0,tp_hit_before_sl,1,0.3593,0,0,25,50,25
214,2026-01-15T13:30:00+00:00,us_open,2605,2629,2026-01-16T13:00:00+00:00,95604.8,flat,flat,96178.43,95222.38,1,1,1,0,tp_hit_before_sl,1,0.3186,0,0,24,52,24
215,2026-01-16T00:00:00+00:00,asia_open,2616,2640,2026-01-17T00:00:00+00:00,95550.94,flat,flat,96124.25,95168.74,1,0,0,0,sl_hit_before_tp,4,0.2369,0,0,17.5,65,17.5
216,2026-01-16T13:30:00+00:00,us_open,2629,2653,2026-01-17T13:00:00+00:00,95550.94,flat,flat,96124.25,95168.74,1,0,0,0,sl_hit_before_tp,2,0.2187,0,0,20,60,20
217,2026-01-17T00:00:00+00:00,asia_open,2640,2664,2026-01-18T00:00:00+00:00,95147.77,flat,flat,95718.66,94767.18,1,0,0,0,no_hit,24,0.1159,0,0,24,52,24
218,2026-01-17T13:30:00+00:00,us_open,2653,2677,2026-01-18T13:00:00+00:00,95147.77,flat,flat,95718.66,94767.18,1,0,0,0,no_hit,24,0.1124,0,0,20,60,20
219,2026-01-18T00:00:00+00:00,asia_open,2664,2688,2026-01-19T00:00:00+00:00,93673.14,flat,bear,94235.18,93298.45,0,1,1,0,tp_hit_before_sl,1,0.4447,0,0,20,60,20
220,2026-01-18T13:30:00+00:00,us_open,2677,2701,2026-01-19T13:00:00+00:00,93673.14,flat,bear,94235.18,93298.45,0,1,1,0,tp_hit_before_sl,1,0.4603,0,0,17.5,65,17.5
221,2026-01-19T00:00:00+00:00,asia_open,2688,2712,2026-01-20T00:00:00+00:00,92631,bull,flat,96952,90504.7,0,0,0,0,no_hit,24,0.1967,0,0,34,33,33
222,2026-01-19T13:30:00+00:00,us_open,2701,2725,2026-01-20T13:00:00+00:00,92631,flat,bear,93186.79,92260.48,0,1,1,0,tp_hit_before_sl,3,0.2566,0,0,20,60,20
223,2026-01-20T00:00:00+00:00,asia_open,2712,2736,2026-01-21T00:00:00+00:00,88427.66,flat,bull,88958.23,88073.95,0,1,1,0,tp_hit_before_sl,1,0.3588,0,0,7.5,85,7.5
224,2026-01-20T13:30:00+00:00,us_open,2725,2749,2026-01-21T13:00:00+00:00,88427.66,flat,flat,88958.23,88073.95,1,1,1,0,tp_hit_before_sl,1,0.3769,0,0,17.5,65,17.5
225,2026-01-21T00:00:00+00:00,asia_open,2736,2760,2026-01-22T00:00:00+00:00,89454.73,flat,bull,89991.46,89096.91,0,0,0,0,sl_hit_before_tp,1,0.8556,0,0,19,62,19
226,2026-01-21T13:30:00+00:00,us_open,2749,2773,2026-01-22T13:00:00+00:00,89454.73,flat,flat,89991.46,89096.91,1,0,0,0,sl_hit_before_tp,1,0.8405,0,0,17.5,65,17.5
227,2026-01-22T00:00:00+00:00,asia_open,2760,2784,2026-01-23T00:00:00+00:00,89559.67,bear,flat,87263.53,90083.78,0,0,0,0,sl_hit_before_tp,1,0.2721,0,0,34,33,33
228,2026-01-22T13:30:00+00:00,us_open,2773,2797,2026-01-23T13:00:00+00:00,89559.67,bear,flat,83330.49,90574,0,0,0,0,no_hit,24,0.2932,0,0,34,33,33
229,2026-01-23T00:00:00+00:00,asia_open,2784,2808,2026-01-24T00:00:00+00:00,89600.26,flat,flat,90137.86,89241.86,1,0,0,0,sl_hit_before_tp,8,0.3484,0,0,17.5,65,17.5
230,2026-01-23T13:30:00+00:00,us_open,2797,2821,2026-01-24T13:00:00+00:00,89600.26,flat,flat,90137.86,89241.86,1,0,0,0,sl_hit_before_tp,1,0.3034,0,0,17.5,65,17.5
231,2026-01-24T00:00:00+00:00,asia_open,2808,2832,2026-01-25T00:00:00+00:00,89225.34,bear,flat,88578.36,89493.52,0,0,0,0,sl_hit_before_tp,1,0.104,0,0,34,33,33
232,2026-01-24T13:30:00+00:00,us_open,2821,2845,2026-01-25T13:00:00+00:00,89225.34,bear,flat,88515.37,89460.75,0,0,0,0,sl_hit_before_tp,1,0.1612,0,0,34,33,33
233,2026-01-25T00:00:00+00:00,asia_open,2832,2856,2026-01-26T00:00:00+00:00,86670.36,bear,flat,82337,89319.13,0,0,0,0,sl_hit_before_tp,1,0.2935,0,0,34,33,33
234,2026-01-25T13:30:00+00:00,us_open,2845,2869,2026-01-26T13:00:00+00:00,86670.36,bear,bull,80000,89319.13,0,0,0,0,no_hit,24,0.3796,0,0,34,33,33
235,2026-01-26T00:00:00+00:00,asia_open,2856,2880,2026-01-27T00:00:00+00:00,88347.08,bear,flat,86074.72,88477,0,0,0,0,sl_hit_before_tp,14,0.3692,0,0,34,33,33
236,2026-01-26T13:30:00+00:00,us_open,2869,2893,2026-01-27T13:00:00+00:00,88347.08,bear,flat,86375.95,89319.13,0,0,0,0,no_hit,24,0.3048,0,0,34,33,33
237,2026-01-27T00:00:00+00:00,asia_open,2880,2904,2026-01-28T00:00:00+00:00,89250,flat,flat,89785.5,88893,1,0,0,0,sl_hit_before_tp,1,0.4447,0,0,22.5,55,22.5
238,2026-01-27T13:30:00+00:00,us_open,2893,2917,2026-01-28T13:00:00+00:00,89250,flat,bull,89785.5,88893,0,0,0,0,sl_hit_before_tp,1,0.4818,0,0,20,60,20
239,2026-01-28T00:00:00+00:00,asia_open,2904,2928,2026-01-29T00:00:00+00:00,89299.99,flat,flat,89835.79,88942.79,1,0,0,0,sl_hit_before_tp,4,0.3614,0,0,15,70,15
240,2026-01-28T13:30:00+00:00,us_open,2917,2941,2026-01-29T13:00:00+00:00,89299.99,flat,bear,89835.79,88942.79,0,1,1,0,tp_hit_before_sl,1,0.3427,0,0,20,60,20
241,2026-01-29T00:00:00+00:00,asia_open,2928,2952,2026-01-30T00:00:00+00:00,84650.16,bear,bear,74492.14,89348,1,0,0,0,no_hit,24,0.662,0,0,34,33,33
242,2026-01-29T13:30:00+00:00,us_open,2941,2965,2026-01-30T13:00:00+00:00,84650.16,flat,bear,85158.06,84311.56,0,1,1,0,tp_hit_before_sl,1,0.7831,0,0,7.5,85,7.5
243,2026-01-30T00:00:00+00:00,asia_open,2952,2976,2026-01-31T00:00:00+00:00,84260.49,bear,flat,78000,87237.26,0,0,0,0,no_hit,24,0.5857,0,0,34,33,33
244,2026-01-30T13:30:00+00:00,us_open,2965,2989,2026-01-31T13:00:00+00:00,84260.49,bear,bear,81118,84735.75,1,0,0,0,no_hit,24,0.3552,0,0,34,33,33
245,2026-01-31T00:00:00+00:00,asia_open,2976,3000,2026-02-01T00:00:00+00:00,78741.09,bear,flat,67702.27,84260.5,0,0,0,0,sl_hit_before_tp,1,0.5893,0,0,34,33,33
246,2026-01-31T13:30:00+00:00,us_open,2989,3013,2026-02-01T13:00:00+00:00,78741.09,flat,bear,79213.54,78426.13,0,1,1,0,tp_hit_before_sl,1,0.6695,0,0,5,90,5
247,2026-02-01T00:00:00+00:00,asia_open,3000,3024,2026-02-02T00:00:00+00:00,76968.21,flat,bull,77430.02,76660.34,0,1,1,0,tp_hit_before_sl,1,0.5436,0,0,5,90,5
248,2026-02-01T13:30:00+00:00,us_open,3013,3037,2026-02-02T13:00:00+00:00,76968.21,bear,bull,62365,84270,0,0,0,0,no_hit,24,0.6624,0,0,34,33,33
249,2026-02-02T00:00:00+00:00,asia_open,3024,3048,2026-02-03T00:00:00+00:00,78738.61,bear,flat,72400,79424,0,0,0,0,no_hit,24,0.6236,0,0,34,33,33
250,2026-02-02T13:30:00+00:00,us_open,3037,3061,2026-02-03T13:00:00+00:00,78738.61,bear,bear,74604,79360,1,0,0,0,sl_hit_before_tp,2,0.595,0,0,34,33,33
251,2026-02-03T00:00:00+00:00,asia_open,3048,3072,2026-02-04T00:00:00+00:00,75770.21,bear,flat,68193.19,77809.43,0,0,0,0,sl_hit_before_tp,1,1.1726,1,0,34,33,33
252,2026-02-03T13:30:00+00:00,us_open,3061,3085,2026-02-04T13:00:00+00:00,75770.21,bear,bear,68193.19,79186.81,1,0,0,0,no_hit,24,1.1833,1,0,34,33,33
253,2026-02-04T00:00:00+00:00,asia_open,3072,3096,2026-02-05T00:00:00+00:00,73165.83,bear,flat,65000,76971,0,0,0,0,sl_hit_before_tp,3,0.7155,0,0,34,33,33
254,2026-02-04T13:30:00+00:00,us_open,3085,3109,2026-02-05T13:00:00+00:00,73165.83,flat,bear,73604.82,72873.17,0,1,1,0,tp_hit_before_sl,1,0.6816,0,0,12.5,75,12.5
255,2026-02-05T00:00:00+00:00,asia_open,3096,3120,2026-02-06T00:00:00+00:00,62909.86,flat,bull,63287.32,62658.22,0,1,1,0,tp_hit_before_sl,1,1.1266,1,0,9,82,9
256,2026-02-05T13:30:00+00:00,us_open,3109,3133,2026-02-06T13:00:00+00:00,62909.86,flat,bull,63287.32,62658.22,0,1,1,0,tp_hit_before_sl,1,1.6091,1,0,9,82,9
257,2026-02-06T00:00:00+00:00,asia_open,3120,3144,2026-02-07T00:00:00+00:00,70580.26,flat,bear,71003.74,70297.94,0,0,0,0,sl_hit_before_tp,1,1.3329,1,0,27.5,45,27.5
258,2026-02-06T13:30:00+00:00,us_open,3133,3157,2026-02-07T13:00:00+00:00,70580.26,bear,bear,60000,73341.18,1,0,0,0,no_hit,24,1.0386,1,0,34,33,33
259,2026-02-07T00:00:00+00:00,asia_open,3144,3168,2026-02-08T00:00:00+00:00,69289.38,bear,flat,62909.86,71690,0,0,0,0,sl_hit_before_tp,4,0.6956,0,0,34,33,33
260,2026-02-07T13:30:00+00:00,us_open,3157,3181,2026-02-08T13:00:00+00:00,69289.38,bear,bull,60000,73341,0,0,0,0,no_hit,24,0.4921,0,0,34,33,33
261,2026-02-08T00:00:00+00:00,asia_open,3168,3192,2026-02-09T00:00:00+00:00,70330.38,flat,flat,70752.36,70049.06,1,0,0,0,sl_hit_before_tp,1,0.5978,0,0,20,60,20
262,2026-02-08T13:30:00+00:00,us_open,3181,3205,2026-02-09T13:00:00+00:00,70330.38,bear,bear,62345,71690,1,0,0,0,sl_hit_before_tp,10,0.5886,0,0,34,33,33
263,2026-02-09T00:00:00+00:00,asia_open,3192,3216,2026-02-10T00:00:00+00:00,70138,bear,flat,60000,73341,0,0,0,0,no_hit,24,0.5933,0,0,34,33,33
264,2026-02-09T13:30:00+00:00,us_open,3205,3229,2026-02-10T13:00:00+00:00,70138,bear,bear,61722,73341,1,0,0,0,no_hit,24,0.5573,0,0,34,33,33
265,2026-02-10T13:30:00+00:00,us_open,3229,3253,2026-02-11T13:00:00+00:00,68841.29,bear,bear,62909.86,70527,1,0,0,0,no_hit,24,0.6061,0,0,34,33,33
266,2026-02-11T00:00:00+00:00,asia_open,3240,3264,2026-02-12T00:00:00+00:00,67082.52,flat,bull,67485.02,66814.19,0,1,1,0,tp_hit_before_sl,1,0.601,0,0,10,80,10
267,2026-02-11T13:30:00+00:00,us_open,3253,3277,2026-02-12T13:00:00+00:00,67082.52,bear,bull,60192.38,70527.59,0,0,0,0,no_hit,24,0.5695,0,0,34,33,33
268,2026-02-12T00:00:00+00:00,asia_open,3264,3288,2026-02-13T00:00:00+00:00,66272.17,bear,bear,58320,67789.99,1,0,0,0,sl_hit_before_tp,1,0.64,0,0,34,33,33
269,2026-02-12T13:30:00+00:00,us_open,3277,3301,2026-02-13T13:00:00+00:00,66272.17,bear,bull,58320,68410,0,0,0,0,sl_hit_before_tp,1,0.623,0,0,34,33,33
270,2026-02-13T00:00:00+00:00,asia_open,3288,3312,2026-02-14T00:00:00+00:00,68853.96,flat,flat,69267.08,68578.54,1,0,0,0,sl_hit_before_tp,1,0.4096,0,0,22.5,55,22.5
271,2026-02-13T13:30:00+00:00,us_open,3301,3325,2026-02-14T13:00:00+00:00,68853.96,flat,bull,69267.08,68578.54,0,0,0,0,sl_hit_before_tp,1,0.5211,0,0,20,60,20
272,2026-02-14T00:00:00+00:00,asia_open,3312,3336,2026-02-15T00:00:00+00:00,69822.95,flat,flat,70241.89,69543.66,1,0,0,0,sl_hit_before_tp,1,0.4174,0,0,20,60,20
273,2026-02-14T13:30:00+00:00,us_open,3325,3349,2026-02-15T13:00:00+00:00,69822.95,flat,bear,70241.89,69543.66,0,0,0,0,sl_hit_before_tp,1,0.4048,0,0,20,60,20
274,2026-02-15T00:00:00+00:00,asia_open,3336,3360,2026-02-16T00:00:00+00:00,68832.58,flat,flat,69245.58,68557.25,1,1,1,0,tp_hit_before_sl,1,0.4429,0,0,20,60,20
275,2026-02-15T13:30:00+00:00,us_open,3349,3373,2026-02-16T13:00:00+00:00,68832.58,flat,bear,69245.58,68557.25,0,1,1,0,tp_hit_before_sl,2,0.5904,0,0,20,60,20
276,2026-02-16T00:00:00+00:00,asia_open,3360,3384,2026-02-17T00:00:00+00:00,68892.43,bear,flat,60000,70983,0,0,0,0,no_hit,24,0.6677,0,0,34,33,33
277,2026-02-16T13:30:00+00:00,us_open,3373,3397,2026-02-17T13:00:00+00:00,68892.43,bear,bear,62909.86,70983,1,0,0,0,no_hit,24,0.4315,0,0,34,33,33
278,2026-02-17T00:00:00+00:00,asia_open,3384,3408,2026-02-18T00:00:00+00:00,67503.52,bear,flat,62909.86,68942.78,0,0,0,0,sl_hit_before_tp,1,0.5422,0,0,34,33,33
279,2026-02-17T13:30:00+00:00,us_open,3397,3421,2026-02-18T13:00:00+00:00,67503.52,bear,flat,62909.86,69241.5,0,0,0,0,no_hit,24,0.5626,0,0,34,33,33
280,2026-02-18T00:00:00+00:00,asia_open,3408,3432,2026-02-19T00:00:00+00:00,66461,bear,flat,59815,68476,0,0,0,0,sl_hit_before_tp,8,0.4182,0,0,34,33,33
281,2026-02-18T13:30:00+00:00,us_open,3421,3445,2026-02-19T13:00:00+00:00,66461,bear,bear,62909.86,67792,1,0,0,0,sl_hit_before_tp,2,0.4378,0,0,34,33,33
282,2026-02-19T00:00:00+00:00,asia_open,3432,3456,2026-02-20T00:00:00+00:00,67003.73,bear,flat,62909.86,68476.22,0,0,0,0,no_hit,24,0.3984,0,0,34,33,33
283,2026-02-19T13:30:00+00:00,us_open,3445,3469,2026-02-20T13:00:00+00:00,67003.73,flat,flat,67405.75,66735.72,1,0,0,0,sl_hit_before_tp,1,0.4604,0,0,12.5,75,12.5
284,2026-02-20T00:00:00+00:00,asia_open,3456,3480,2026-02-21T00:00:00+00:00,68020.01,bear,flat,59898,70580.26,0,0,0,0,no_hit,24,0.4463,0,0,34,33,33
285,2026-02-20T13:30:00+00:00,us_open,3469,3493,2026-02-21T13:00:00+00:00,68020.01,flat,flat,68428.13,67747.93,1,0,0,0,sl_hit_before_tp,1,0.2792,0,0,20,60,20
286,2026-02-21T00:00:00+00:00,asia_open,3480,3504,2026-02-22T00:00:00+00:00,67975.93,bear,flat,65118,68318.39,0,0,0,0,sl_hit_before_tp,14,0.255,0,0,34,33,33
287,2026-02-21T13:30:00+00:00,us_open,3493,3517,2026-02-22T13:00:00+00:00,67975.93,bear,flat,66272.17,68698.7,0,0,0,0,sl_hit_before_tp,2,0.2665,0,0,34,33,33
288,2026-02-22T00:00:00+00:00,asia_open,3504,3528,2026-02-23T00:00:00+00:00,67643.4,bear,bear,65118,68698,1,0,0,0,no_hit,24,0.3427,0,0,34,33,33
289,2026-02-22T13:30:00+00:00,us_open,3517,3541,2026-02-23T13:00:00+00:00,67643.4,flat,bear,68049.26,67372.83,0,0,0,0,sl_hit_before_tp,1,0.8503,0,0,17.5,65,17.5
290,2026-02-23T00:00:00+00:00,asia_open,3528,3552,2026-02-24T00:00:00+00:00,64656.02,bear,flat,56900,67419,0,0,0,0,no_hit,24,0.839,0,0,34,33,33
291,2026-02-23T13:30:00+00:00,us_open,3541,3565,2026-02-24T13:00:00+00:00,64656.02,flat,bear,65043.96,64397.4,0,1,1,0,tp_hit_before_sl,1,0.3885,0,0,15,70,15
292,2026-02-24T00:00:00+00:00,asia_open,3552,3576,2026-02-25T00:00:00+00:00,64058.15,bear,flat,62510.28,64656.01,0,0,0,0,sl_hit_before_tp,1,0.458,0,0,34,33,33
293,2026-02-24T13:30:00+00:00,us_open,3565,3589,2026-02-25T13:00:00+00:00,64058.15,bear,bull,58933,65026.75,0,0,0,0,sl_hit_before_tp,12,0.6775,0,0,34,33,33
294,2026-02-25T00:00:00+00:00,asia_open,3576,3600,2026-02-26T00:00:00+00:00,67988.04,flat,bull,68395.97,67716.09,0,0,0,0,sl_hit_before_tp,1,0.7708,0,0,24,52,24
295,2026-02-25T13:30:00+00:00,us_open,3589,3613,2026-02-26T13:00:00+00:00,67988.04,bear,flat,59830,69988.83,0,0,0,0,sl_hit_before_tp,8,0.5752,0,0,34,33,33
296,2026-02-26T00:00:00+00:00,asia_open,3600,3624,2026-02-27T00:00:00+00:00,67485.18,bear,flat,62510.28,69822.95,0,0,0,0,no_hit,24,0.4371,0,0,34,33,33
297,2026-02-26T13:30:00+00:00,us_open,3613,3637,2026-02-27T13:00:00+00:00,67485.18,flat,bear,67890.09,67215.24,0,1,1,0,tp_hit_before_sl,1,0.4833,0,0,20,60,20
298,2026-02-27T00:00:00+00:00,asia_open,3624,3648,2026-02-28T00:00:00+00:00,65872.1,bear,flat,62510.28,66419.26,0,0,0,0,sl_hit_before_tp,1,0.4665,0,0,34,33,33
299,2026-02-27T13:30:00+00:00,us_open,3637,3661,2026-02-28T13:00:00+00:00,65872.1,bear,bear,62510.28,66419.26,1,0,0,0,no_hit,24,0.9128,0,0,34,33,33
300,2026-02-28T00:00:00+00:00,asia_open,3648,3672,2026-03-01T00:00:00+00:00,66973.26,bear,flat,60000,69822.95,0,0,0,0,no_hit,24,0.962,0,0,34,33,33
301,2026-02-28T13:30:00+00:00,us_open,3661,3685,2026-03-01T13:00:00+00:00,66973.26,bear,flat,58936,70000,0,0,0,0,no_hit,24,0.5423,0,0,34,33,33
302,2026-03-01T00:00:00+00:00,asia_open,3672,3696,2026-03-02T00:00:00+00:00,65776.47,bear,bull,61172,67009.45,0,0,0,0,sl_hit_before_tp,1,0.5908,0,0,34,33,33
303,2026-03-01T13:30:00+00:00,us_open,3685,3709,2026-03-02T13:00:00+00:00,65776.47,bear,bear,62510.28,66634,1,0,0,0,sl_hit_before_tp,1,0.5722,0,0,34,33,33
304,2026-03-02T00:00:00+00:00,asia_open,3696,3720,2026-03-03T00:00:00+00:00,68830.06,flat,flat,69243.04,68554.74,1,0,0,0,sl_hit_before_tp,1,0.8982,0,0,20,60,20
305,2026-03-02T13:30:00+00:00,us_open,3709,3733,2026-03-03T13:00:00+00:00,68830.06,flat,bear,69243.04,68554.74,0,0,0,0,sl_hit_before_tp,1,0.9531,0,0,20,60,20
306,2026-03-03T00:00:00+00:00,asia_open,3720,3744,2026-03-04T00:00:00+00:00,68338,flat,flat,68748.03,68064.65,1,1,1,0,tp_hit_before_sl,1,0.6246,0,0,20,60,20
307,2026-03-03T13:30:00+00:00,us_open,3733,3757,2026-03-04T13:00:00+00:00,68338,flat,bull,68748.03,68064.65,0,0,0,0,sl_hit_before_tp,1,0.7066,0,0,20,60,20
308,2026-03-04T00:00:00+00:00,asia_open,3744,3768,2026-03-05T00:00:00+00:00,72666.77,bull,flat,83093.01,67400,0,0,0,0,sl_hit_before_tp,3,0.8036,0,0,34,33,33
309,2026-03-04T13:30:00+00:00,us_open,3757,3781,2026-03-05T13:00:00+00:00,72666.77,bull,flat,83093.01,67400,0,0,0,0,no_hit,24,0.6894,0,0,34,33,33
310,2026-03-05T00:00:00+00:00,asia_open,3768,3792,2026-03-06T00:00:00+00:00,70890.72,flat,flat,71316.06,70607.16,1,1,1,0,tp_hit_before_sl,1,0.5177,0,0,20,60,20
311,2026-03-05T13:30:00+00:00,us_open,3781,3805,2026-03-06T13:00:00+00:00,70890.72,flat,bear,71316.06,70607.16,0,1,1,0,tp_hit_before_sl,1,0.4688,0,0,25,50,25
312,2026-03-06T00:00:00+00:00,asia_open,3792,3816,2026-03-07T00:00:00+00:00,68114.02,flat,flat,68522.7,67841.56,1,1,1,0,tp_hit_before_sl,1,0.4284,0,0,25,50,25
313,2026-03-06T13:30:00+00:00,us_open,3805,3829,2026-03-07T13:00:00+00:00,68114.02,flat,flat,68522.7,67841.56,1,1,1,0,tp_hit_before_sl,1,0.3349,0,0,24,52,24
314,2026-03-07T00:00:00+00:00,asia_open,3816,3840,2026-03-08T00:00:00+00:00,67262.91,flat,flat,67666.49,66993.86,1,1,1,0,tp_hit_before_sl,1,0.2536,0,0,24,52,24
315,2026-03-07T13:30:00+00:00,us_open,3829,3853,2026-03-08T13:00:00+00:00,67262.91,bear,flat,64684,68551.04,0,0,0,0,no_hit,24,0.351,0,0,34,33,33
316,2026-03-08T00:00:00+00:00,asia_open,3840,3864,2026-03-09T00:00:00+00:00,65971.2,flat,bull,66367.03,65707.32,0,1,1,0,tp_hit_before_sl,1,0.4618,0,0,20,60,20
317,2026-03-08T13:30:00+00:00,us_open,3853,3877,2026-03-09T13:00:00+00:00,65971.2,flat,bull,66367.03,65707.32,0,1,1,0,tp_hit_before_sl,1,0.6148,0,0,11,78,11
318,2026-03-09T00:00:00+00:00,asia_open,3864,3888,2026-03-10T00:00:00+00:00,68432.16,flat,bull,68842.75,68158.43,0,0,0,0,sl_hit_before_tp,1,0.589,0,0,20,60,20
319,2026-03-09T13:30:00+00:00,us_open,3877,3901,2026-03-10T13:00:00+00:00,68432.16,flat,bull,68842.75,68158.43,0,1,1,0,tp_hit_before_sl,1,0.6209,0,0,24,52,24
320,2026-03-10T00:00:00+00:00,asia_open,3888,3912,2026-03-11T00:00:00+00:00,69948.63,flat,flat,70368.32,69668.84,1,0,0,0,sl_hit_before_tp,1,0.7559,0,0,25,50,25
321,2026-03-10T13:30:00+00:00,us_open,3901,3925,2026-03-11T13:00:00+00:00,69948.63,flat,flat,70368.32,69668.84,1,0,0,0,sl_hit_before_tp,1,0.6978,0,0,20,60,20
322,2026-03-11T00:00:00+00:00,asia_open,3912,3936,2026-03-12T00:00:00+00:00,70191.86,flat,flat,70613.01,69911.09,1,0,0,0,sl_hit_before_tp,1,0.4848,0,0,24,52,24
323,2026-03-11T13:30:00+00:00,us_open,3925,3949,2026-03-12T13:00:00+00:00,70191.86,flat,flat,70613.01,69911.09,1,0,0,0,sl_hit_before_tp,1,0.3731,0,0,24,52,24
324,2026-03-12T00:00:00+00:00,asia_open,3936,3960,2026-03-13T00:00:00+00:00,70541.34,flat,bull,70964.59,70259.17,0,0,0,0,sl_hit_before_tp,1,0.5282,0,0,25,50,25
325,2026-03-12T13:30:00+00:00,us_open,3949,3973,2026-03-13T13:00:00+00:00,70541.34,flat,bull,70964.59,70259.17,0,0,0,0,sl_hit_before_tp,1,0.5312,0,0,20,60,20
326,2026-03-13T00:00:00+00:00,asia_open,3960,3984,2026-03-14T00:00:00+00:00,70930,flat,flat,71355.58,70646.28,1,1,1,0,tp_hit_before_sl,1,0.5502,0,0,24,52,24
327,2026-03-13T13:30:00+00:00,us_open,3973,3997,2026-03-14T13:00:00+00:00,70930,flat,flat,71355.58,70646.28,1,1,1,0,tp_hit_before_sl,1,0.4358,0,0,24,52,24
328,2026-03-14T00:00:00+00:00,asia_open,3984,4008,2026-03-15T00:00:00+00:00,71211.95,flat,flat,71639.22,70927.1,1,0,0,0,sl_hit_before_tp,1,0.2465,0,0,20,60,20
329,2026-03-14T13:30:00+00:00,us_open,3997,4021,2026-03-15T13:00:00+00:00,71211.95,bull,bull,73913.74,70317,1,0,0,0,no_hit,24,0.2574,0,0,34,33,33
330,2026-03-15T00:00:00+00:00,asia_open,4008,4032,2026-03-16T00:00:00+00:00,72815.24,bull,flat,73252.13,72523.98,0,0,0,0,sl_hit_before_tp,1,0.3338,0,0,34,33,33
331,2026-03-15T13:30:00+00:00,us_open,4021,4045,2026-03-16T13:00:00+00:00,72815.24,bull,bull,80819.68,71168.83,1,0,0,0,no_hit,24,0.4967,0,0,34,33,33
332,2026-03-16T00:00:00+00:00,asia_open,4032,4056,2026-03-17T00:00:00+00:00,74884.67,bull,bull,80676.16,72114.15,1,0,0,0,no_hit,24,0.491,0,0,34,33,33
333,2026-03-16T13:30:00+00:00,us_open,4045,4069,2026-03-17T13:00:00+00:00,74884.67,bull,bear,80676.16,72114.15,0,0,0,0,no_hit,24,0.4176,0,0,34,33,33
334,2026-03-17T00:00:00+00:00,asia_open,4056,4080,2026-03-18T00:00:00+00:00,73909.36,flat,flat,74352.82,73613.72,1,1,1,0,tp_hit_before_sl,1,0.4372,0,0,17.5,65,17.5
335,2026-03-17T13:30:00+00:00,us_open,4069,4093,2026-03-18T13:00:00+00:00,73909.36,flat,bear,74352.82,73613.72,0,0,0,0,sl_hit_before_tp,1,0.4817,0,0,20,60,20
336,2026-03-18T00:00:00+00:00,asia_open,4080,4104,2026-03-19T00:00:00+00:00,71246.54,bear,flat,65971.2,73270.91,0,0,0,0,sl_hit_before_tp,1,0.4699,0,0,34,33,33
337,2026-03-18T13:30:00+00:00,us_open,4093,4117,2026-03-19T13:00:00+00:00,71246.54,flat,bear,71674.02,70961.55,0,1,1,0,tp_hit_before_sl,1,0.4936,0,0,17.5,65,17.5
338,2026-03-19T00:00:00+00:00,asia_open,4104,4128,2026-03-20T00:00:00+00:00,69930,flat,flat,70349.58,69650.28,1,1,1,0,tp_hit_before_sl,1,0.4588,0,0,17.5,65,17.5
339,2026-03-19T13:30:00+00:00,us_open,4117,4141,2026-03-20T13:00:00+00:00,69930,flat,flat,70349.58,69650.28,1,0,0,0,sl_hit_before_tp,1,0.3684,0,0,17.5,65,17.5
340,2026-03-20T00:00:00+00:00,asia_open,4128,4152,2026-03-21T00:00:00+00:00,70510.73,flat,flat,70933.79,70228.69,1,0,0,0,sl_hit_before_tp,1,0.3549,0,0,27.5,45,27.5
341,2026-03-20T13:30:00+00:00,us_open,4141,4165,2026-03-21T13:00:00+00:00,70510.73,flat,flat,70933.79,70228.69,1,0,0,0,sl_hit_before_tp,1,0.2631,0,0,20,60,20
342,2026-03-21T00:00:00+00:00,asia_open,4152,4176,2026-03-22T00:00:00+00:00,68918.12,bear,flat,64114,71100.94,0,0,0,0,sl_hit_before_tp,14,0.4153,0,0,34,33,33
343,2026-03-21T13:30:00+00:00,us_open,4165,4189,2026-03-22T13:00:00+00:00,68918.12,bear,flat,63404,71100.94,0,0,0,0,sl_hit_before_tp,1,0.4577,0,0,34,33,33
344,2026-03-22T00:00:00+00:00,asia_open,4176,4200,2026-03-23T00:00:00+00:00,67859,bear,flat,62294,71100.94,0,0,0,0,no_hit,24,0.3418,0,0,34,33,33
345,2026-03-22T13:30:00+00:00,us_open,4189,4213,2026-03-23T13:00:00+00:00,67859,flat,bull,68266.15,67587.56,0,1,1,0,tp_hit_before_sl,1,0.7143,0,0,27.5,45,27.5
346,2026-03-23T00:00:00+00:00,asia_open,4200,4224,2026-03-24T00:00:00+00:00,70906.45,flat,flat,71331.89,70622.82,1,0,0,0,sl_hit_before_tp,1,0.8006,0,0,20,60,20
347,2026-03-23T13:30:00+00:00,us_open,4213,4237,2026-03-24T13:00:00+00:00,70906.45,bull,bear,74884.67,69354.59,0,0,0,0,no_hit,24,0.5839,0,0,34,33,33
348,2026-03-24T00:00:00+00:00,asia_open,4224,4248,2026-03-25T00:00:00+00:00,70556.74,flat,flat,70980.08,70274.51,1,0,0,0,sl_hit_before_tp,4,0.4799,0,0,20,60,20
349,2026-03-24T13:30:00+00:00,us_open,4237,4261,2026-03-25T13:00:00+00:00,70556.74,flat,bull,70980.08,70274.51,0,0,0,0,sl_hit_before_tp,1,0.3325,0,0,29,42,29
350,2026-03-25T00:00:00+00:00,asia_open,4248,4272,2026-03-26T00:00:00+00:00,71336.53,bull,flat,74884.67,70408,0,0,0,0,sl_hit_before_tp,3,0.3302,0,0,34,33,33
351,2026-03-25T13:30:00+00:00,us_open,4261,4285,2026-03-26T13:00:00+00:00,71336.53,flat,bear,71764.55,71051.18,0,0,0,0,sl_hit_before_tp,2,0.3953,0,0,22.5,55,22.5
352,2026-03-26T00:00:00+00:00,asia_open,4272,4296,2026-03-27T00:00:00+00:00,68820.31,bear,flat,60000,71436.82,0,0,0,0,no_hit,24,0.3531,0,0,34,33,33
353,2026-03-26T13:30:00+00:00,us_open,4285,4309,2026-03-27T13:00:00+00:00,68820.31,bear,bear,63273.88,71436.82,1,0,0,0,no_hit,24,0.4652,0,0,34,33,33
354,2026-03-27T00:00:00+00:00,asia_open,4296,4320,2026-03-28T00:00:00+00:00,66407.28,bear,flat,58438,68884.91,0,0,0,0,sl_hit_before_tp,1,0.4705,0,0,34,33,33
355,2026-03-27T13:30:00+00:00,us_open,4309,4333,2026-03-28T13:00:00+00:00,66407.28,flat,bull,66805.72,66141.65,0,0,0,0,sl_hit_before_tp,1,0.2656,0,0,12.5,75,12.5
356,2026-03-28T00:00:00+00:00,asia_open,4320,4344,2026-03-29T00:00:00+00:00,66377.03,bear,flat,61710.86,68500.75,0,0,0,0,no_hit,24,0.2524,0,0,34,33,33
357,2026-03-28T13:30:00+00:00,us_open,4333,4357,2026-03-29T13:00:00+00:00,66377.03,bear,flat,63058,67792.25,0,0,0,0,no_hit,24,0.2417,0,0,34,33,33
358,2026-03-29T00:00:00+00:00,asia_open,4344,4368,2026-03-30T00:00:00+00:00,66010.93,bear,flat,60730,67130.5,0,0,0,0,sl_hit_before_tp,3,0.3408,0,0,34,33,33
359,2026-03-29T13:30:00+00:00,us_open,4357,4381,2026-03-30T13:00:00+00:00,66010.93,bear,bull,63770.36,67130.5,0,0,0,0,sl_hit_before_tp,13,0.4148,0,0,34,33,33
360,2026-03-30T00:00:00+00:00,asia_open,4368,4392,2026-03-31T00:00:00+00:00,66797.37,flat,bull,67198.15,66530.18,0,0,0,0,sl_hit_before_tp,1,0.3884,0,0,20,60,20
361,2026-03-30T13:30:00+00:00,us_open,4381,4405,2026-03-31T13:00:00+00:00,66797.37,flat,bull,67198.15,66530.18,0,1,1,0,tp_hit_before_sl,1,0.5048,0,0,20,60,20
362,2026-03-31T00:00:00+00:00,asia_open,4392,4416,2026-04-01T00:00:00+00:00,68284.48,bear,flat,63545,69525,0,0,0,0,no_hit,24,0.5872,0,0,34,33,33
363,2026-03-31T13:30:00+00:00,us_open,4405,4429,2026-04-01T13:00:00+00:00,68284.48,bear,flat,65800,69525,0,0,0,0,no_hit,24,0.5308,0,0,34,33,33
364,2026-04-01T00:00:00+00:00,asia_open,4416,4440,2026-04-02T00:00:00+00:00,68113.92,bear,bull,62645,68805.03,0,0,0,0,sl_hit_before_tp,6,0.4625,0,0,34,33,33
365,2026-04-01T13:30:00+00:00,us_open,4429,4453,2026-04-02T13:00:00+00:00,68113.92,flat,bear,68522.6,67841.46,0,1,1,0,tp_hit_before_sl,1,0.5461,0,0,20,60,20
366,2026-04-02T00:00:00+00:00,asia_open,4440,4464,2026-04-03T00:00:00+00:00,66901.99,bear,flat,63400,68653.38,0,0,0,0,no_hit,24,0.5244,0,0,34,33,33
367,2026-04-02T13:30:00+00:00,us_open,4453,4477,2026-04-03T13:00:00+00:00,66901.99,bear,flat,62230,68653.38,0,0,0,0,no_hit,24,0.2997,0,0,34,33,33
368,2026-04-03T00:00:00+00:00,asia_open,4464,4488,2026-04-04T00:00:00+00:00,66964.3,bear,flat,60268,68653,0,0,0,0,no_hit,24,0.2023,0,0,34,33,33
369,2026-04-03T13:30:00+00:00,us_open,4477,4501,2026-04-04T13:00:00+00:00,66964.3,bear,flat,62986,68653.38,0,0,0,0,no_hit,24,0.1481,0,0,34,33,33
370,2026-04-04T00:00:00+00:00,asia_open,4488,4512,2026-04-05T00:00:00+00:00,67300.42,flat,flat,67704.22,67031.22,1,0,0,0,sl_hit_before_tp,1,0.1057,0,0,17.5,65,17.5
371,2026-04-04T13:30:00+00:00,us_open,4501,4525,2026-04-05T13:00:00+00:00,67300.42,flat,bear,67704.22,67031.22,0,0,0,0,sl_hit_before_tp,1,0.1403,0,0,20,60,20
372,2026-04-05T00:00:00+00:00,asia_open,4512,4536,2026-04-06T00:00:00+00:00,69034.18,flat,flat,69448.39,68758.04,1,0,0,0,sl_hit_before_tp,1,0.358,0,0,20,60,20
373,2026-04-05T13:30:00+00:00,us_open,4525,4549,2026-04-06T13:00:00+00:00,69034.18,flat,bull,69448.39,68758.04,0,0,0,0,sl_hit_before_tp,1,0.4006,0,0,19,62,19
374,2026-04-06T00:00:00+00:00,asia_open,4536,4560,2026-04-07T00:00:00+00:00,68853.66,flat,flat,69266.78,68578.25,1,1,1,0,tp_hit_before_sl,2,0.3739,0,0,20,60,20
375,2026-04-06T13:30:00+00:00,us_open,4549,4573,2026-04-07T13:00:00+00:00,68853.66,flat,bear,69266.78,68578.25,0,1,1,0,tp_hit_before_sl,1,0.436,0,0,26,48,26
376,2026-04-07T00:00:00+00:00,asia_open,4560,4584,2026-04-08T00:00:00+00:00,71924.22,bull,flat,79349.78,68211.63,0,0,0,0,sl_hit_before_tp,10,0.6565,0,0,34,33,33
377,2026-04-07T13:30:00+00:00,us_open,4573,4597,2026-04-08T13:00:00+00:00,71924.22,flat,flat,72355.77,71636.52,1,0,0,0,sl_hit_before_tp,1,0.6031,0,0,16,68,16
378,2026-04-08T00:00:00+00:00,asia_open,4584,4608,2026-04-09T00:00:00+00:00,71069.93,bull,flat,72857,70707.23,0,1,1,0,tp_hit_before_sl,13,0.4474,0,0,34,33,33
379,2026-04-08T13:30:00+00:00,us_open,4597,4621,2026-04-09T13:00:00+00:00,71069.93,flat,flat,71496.35,70785.65,1,0,0,0,sl_hit_before_tp,1,0.4408,0,0,20,60,20
380,2026-04-09T00:00:00+00:00,asia_open,4608,4632,2026-04-10T00:00:00+00:00,71787.97,bull,flat,75993.84,70466,0,0,0,0,sl_hit_before_tp,1,0.4334,0,0,34,33,33
381,2026-04-09T13:30:00+00:00,us_open,4621,4645,2026-04-10T13:00:00+00:00,71787.97,bull,bull,74884,70466,1,0,0,0,no_hit,24,0.417,0,0,34,33,33
382,2026-04-10T00:00:00+00:00,asia_open,4632,4656,2026-04-11T00:00:00+00:00,72962.7,flat,flat,73400.48,72670.85,1,0,0,0,sl_hit_before_tp,1,0.3437,0,0,20,60,20
383,2026-04-10T13:30:00+00:00,us_open,4645,4669,2026-04-11T13:00:00+00:00,72962.7,flat,flat,73400.48,72670.85,1,0,0,0,sl_hit_before_tp,1,0.3102,0,0,24,52,24
384,2026-04-11T00:00:00+00:00,asia_open,4656,4680,2026-04-12T00:00:00+00:00,73043.16,flat,flat,73481.42,72750.99,1,0,0,0,sl_hit_before_tp,1,0.244,0,0,17.5,65,17.5
385,2026-04-11T13:30:00+00:00,us_open,4669,4693,2026-04-12T13:00:00+00:00,73043.16,flat,bear,73481.42,72750.99,0,0,0,0,sl_hit_before_tp,1,0.4707,0,0,27.5,45,27.5
386,2026-04-12T00:00:00+00:00,asia_open,4680,4704,2026-04-13T00:00:00+00:00,70740.98,bear,bull,66136,73043.16,0,0,0,0,sl_hit_before_tp,1,0.4717,0,0,34,33,33
387,2026-04-12T13:30:00+00:00,us_open,4693,4717,2026-04-13T13:00:00+00:00,70740.98,flat,bull,71165.43,70458.02,0,1,1,0,tp_hit_before_sl,4,0.2969,0,0,17.5,65,17.5
388,2026-04-13T00:00:00+00:00,asia_open,4704,4728,2026-04-14T00:00:00+00:00,74417.99,flat,flat,74864.5,74120.32,1,0,0,0,sl_hit_before_tp,1,0.5769,0,0,11,78,11
389,2026-04-13T13:30:00+00:00,us_open,4717,4741,2026-04-14T13:00:00+00:00,74417.99,bull,bull,78137.36,72558.81,1,0,0,0,sl_hit_before_tp,1,0.6185,0,0,34,33,33
390,2026-04-14T00:00:00+00:00,asia_open,4728,4752,2026-04-15T00:00:00+00:00,74131.55,flat,bull,74576.34,73835.02,0,1,1,0,tp_hit_before_sl,2,0.4767,0,0,24,52,24
391,2026-04-14T13:30:00+00:00,us_open,4741,4765,2026-04-15T13:00:00+00:00,74131.55,flat,flat,74576.34,73835.02,1,1,1,0,tp_hit_before_sl,1,0.3911,0,0,24,52,24
392,2026-04-15T00:00:00+00:00,asia_open,4752,4776,2026-04-16T00:00:00+00:00,74809.99,flat,flat,75258.85,74510.75,1,0,0,0,sl_hit_before_tp,1,0.3093,0,0,15,70,15
393,2026-04-15T13:30:00+00:00,us_open,4765,4789,2026-04-16T13:00:00+00:00,74809.99,flat,bear,75258.85,74510.75,0,0,0,0,sl_hit_before_tp,1,0.3629,0,0,27.5,45,27.5
394,2026-04-16T00:00:00+00:00,asia_open,4776,4800,2026-04-17T00:00:00+00:00,75154.29,flat,flat,75605.22,74853.67,1,0,0,0,sl_hit_before_tp,1,0.4514,0,0,27.5,45,27.5
395,2026-04-16T13:30:00+00:00,us_open,4789,4813,2026-04-17T13:00:00+00:00,75154.29,flat,bull,75605.22,74853.67,0,0,0,0,sl_hit_before_tp,1,0.5305,0,0,30,40,30
396,2026-04-17T00:00:00+00:00,asia_open,4800,4824,2026-04-18T00:00:00+00:00,77072,flat,flat,77534.43,76763.71,1,0,0,0,sl_hit_before_tp,1,0.4797,0,0,20,60,20
397,2026-04-17T13:30:00+00:00,us_open,4813,4837,2026-04-18T13:00:00+00:00,77072,bull,bear,82467,75037,0,0,0,0,no_hit,24,0.2749,0,0,34,33,33
398,2026-04-18T00:00:00+00:00,asia_open,4824,4848,2026-04-19T00:00:00+00:00,75691.76,flat,flat,76145.91,75388.99,1,1,1,0,tp_hit_before_sl,1,0.1866,0,0,25,50,25
399,2026-04-18T13:30:00+00:00,us_open,4837,4861,2026-04-19T13:00:00+00:00,75691.76,flat,flat,76145.91,75388.99,1,1,1,0,tp_hit_before_sl,1,0.2125,0,0,24,52,24
400,2026-04-19T00:00:00+00:00,asia_open,4848,4872,2026-04-20T00:00:00+00:00,73801.79,flat,bull,74244.6,73506.58,0,1,1,0,tp_hit_before_sl,1,0.3464,0,0,20,60,20
401,2026-04-19T13:30:00+00:00,us_open,4861,4885,2026-04-20T13:00:00+00:00,73801.79,flat,bull,74244.6,73506.58,0,1,1,0,tp_hit_before_sl,1,0.3796,0,0,20,60,20
402,2026-04-20T00:00:00+00:00,asia_open,4872,4896,2026-04-21T00:00:00+00:00,75840.97,bull,flat,79179,74171.94,0,0,0,0,sl_hit_before_tp,5,0.3872,0,0,34,33,33
403,2026-04-20T13:30:00+00:00,us_open,4885,4909,2026-04-21T13:00:00+00:00,75840.97,flat,flat,76296.02,75537.61,1,0,0,0,sl_hit_before_tp,1,0.408,0,0,17.5,65,17.5
404,2026-04-21T00:00:00+00:00,asia_open,4896,4920,2026-04-22T00:00:00+00:00,76336.15,flat,flat,76794.17,76030.81,1,0,0,0,sl_hit_before_tp,1,0.4084,0,0,27.5,45,27.5
405,2026-04-21T13:30:00+00:00,us_open,4909,4933,2026-04-22T13:00:00+00:00,76336.15,flat,bull,76794.17,76030.81,0,0,0,0,sl_hit_before_tp,1,0.4968,0,0,20,60,20
406,2026-04-22T00:00:00+00:00,asia_open,4920,4944,2026-04-23T00:00:00+00:00,78178.23,flat,flat,78647.3,77865.52,1,0,0,0,sl_hit_before_tp,1,0.4695,0,0,20,60,20
407,2026-04-22T13:30:00+00:00,us_open,4933,4957,2026-04-23T13:00:00+00:00,78178.23,flat,bear,78647.3,77865.52,0,1,1,0,tp_hit_before_sl,1,0.3299,0,0,12.5,75,12.5
408,2026-04-23T00:00:00+00:00,asia_open,4944,4968,2026-04-24T00:00:00+00:00,78257.48,bull,flat,84518,76132.95,0,0,0,0,no_hit,24,0.3251,0,0,34,33,33
409,2026-04-23T13:30:00+00:00,us_open,4957,4981,2026-04-24T13:00:00+00:00,78257.48,flat,flat,78727.02,77944.45,1,0,0,0,sl_hit_before_tp,1,0.3334,0,0,25,50,25
410,2026-04-24T00:00:00+00:00,asia_open,4968,4992,2026-04-25T00:00:00+00:00,77437.13,flat,flat,77901.75,77127.38,1,1,1,0,tp_hit_before_sl,1,0.2525,0,0,20,60,20
411,2026-04-24T13:30:00+00:00,us_open,4981,5005,2026-04-25T13:00:00+00:00,77437.13,flat,flat,77901.75,77127.38,1,1,1,0,tp_hit_before_sl,1,0.1395,0,0,20,60,20
412,2026-04-25T00:00:00+00:00,asia_open,4992,5016,2026-04-26T00:00:00+00:00,77625,bull,flat,83815,75347,0,0,0,0,no_hit,24,0.1424,0,0,34,33,33
413,2026-04-25T13:30:00+00:00,us_open,5005,5029,2026-04-26T13:00:00+00:00,77625,flat,flat,78090.75,77314.5,1,0,0,0,sl_hit_before_tp,2,0.1863,0,0,17.5,65,17.5
414,2026-04-26T00:00:00+00:00,asia_open,5016,5040,2026-04-27T00:00:00+00:00,78657.55,bull,bull,81823.85,77899.54,1,0,0,0,sl_hit_before_tp,1,0.2482,0,0,34,33,33
415,2026-04-26T13:30:00+00:00,us_open,5029,5053,2026-04-27T13:00:00+00:00,78657.55,bull,bear,81843.45,77899.54,0,0,0,0,sl_hit_before_tp,1,0.3826,0,0,34,33,33
